name,author,img,price,bind
India's Space Adventure (Let's Find Out),Biman Basu,https://images-eu.ssl-images-amazon.com/images/I/513F86rhGOL._AC_SX184_.jpg,313.0,Paperback
The Crocodile Who Ate Butter Chicken for Breakfast and Other Stories,Khyrunnisa A.,https://images-eu.ssl-images-amazon.com/images/I/51IvYiFWcnL._AC_SX184_.jpg,199.0,Paperback
Dasavatara,Piyusha Vir,https://images-eu.ssl-images-amazon.com/images/I/51+rzdTFFvL._AC_SX184_.jpg,200.0,Paperback
"The Ultimate Vehicles Colouring Book for Kids: 100 Original Hand-Drawn pictures, 10 categories, GK & Trivia (The Ultimate Colouring Book for Kids)",Dhanashri Ubhayakar,https://images-eu.ssl-images-amazon.com/images/I/51LmcLVMAjL._AC_SX184_.jpg,279.0,Paperback
Woof!: Adventures by the Sea,Aparna Karthikeyan,https://images-eu.ssl-images-amazon.com/images/I/513sIN7HUjL._AC_SX184_.jpg,200.0,Paperback
Braving the Bullet: A Story Inspired by Malala Yousufzei (Little Leaders),"Arthy Muthanna Singh, Mamta Nainy, Charulata Mukherjee",https://images-eu.ssl-images-amazon.com/images/I/61Vl9+9vaUL._AC_SX184_.jpg,159.0,Paperback
Planet Omar: Unexpected Super Spy: Book 2,"Zanib Mian, Nasaya Mafaridik",https://images-eu.ssl-images-amazon.com/images/I/61vfd072hAL._AC_SX184_.jpg,339.0,Paperback
It's An Amazing Universe: A Story Inspired by Stephen Hawking (Little Leaders),"Arthy Muthanna Singh, Mamta Nainy, Nirzara Verulka",https://images-eu.ssl-images-amazon.com/images/I/61O+Gsdzd7L._AC_SX184_.jpg,159.0,Paperback
"THE ULTIMATE NATURE COLOURING BOOK FOR KIDS: 100 Original Hand-Drawn pictures, 10 categories, GK & Trivia (The Ultimate Colouring Book for Kids)",Dhanashri Ubhayakar,https://images-eu.ssl-images-amazon.com/images/I/51JuicJ-8GL._AC_SX184_.jpg,279.0,Paperback
"THE ULTIMATE INDIAN COLOURING BOOK FOR KIDS: 100 Original Hand-Drawn pictures, 10 categories, GK & Trivia (The Ultimate Colouring Book for Kids)",Dhanashri Ubhayakar,https://images-eu.ssl-images-amazon.com/images/I/51mJyqlj6hL._AC_SX184_.jpg,277.0,Paperback
Hoot,Carl Hiaasen,https://images-eu.ssl-images-amazon.com/images/I/41iXjK61TjL._AC_SX184_.jpg,324.0,Paperback
My Super Smart Activity Book: Animals (My Super Duper Activity Book),RobinAge Children's newspaper,https://images-eu.ssl-images-amazon.com/images/I/51leob24gLL._AC_SX184_.jpg,200.0,Paperback
My Super Smart Activity Book: Festivals and Celebrations (My Super Duper Activity Book),RobinAge Children's newspaper,https://images-eu.ssl-images-amazon.com/images/I/51butcCSWIL._AC_SX184_.jpg,200.0,Paperback
"Way of the Warrior Kid: From Wimpy to Warrior the Navy SEAL Way: A Novel (Way of the Warrior Kid, 1)",Jocko Willink,https://images-eu.ssl-images-amazon.com/images/I/51yXrujpStL._AC_SX184_.jpg,252.0,Paperback
The Gruffalo 20th Anniversary Edition,"Julia Donaldson, Axel Scheffler",https://images-eu.ssl-images-amazon.com/images/I/51k-z7t7UhL._AC_SX184_.jpg,317.0,Paperback
Charlie Cook's Favourite Book,"Julia Donaldson, Axel Scheffler",https://images-eu.ssl-images-amazon.com/images/I/61w7cqFrOdL._AC_SX184_.jpg,302.0,Board book
The Detective Dog,"Julia Donaldson, Sara Ogilvie",https://images-eu.ssl-images-amazon.com/images/I/61up68MlkpL._AC_SX184_.jpg,318.0,Board book
Julia Donaldson Collection (10 Book Set),Julia Donaldson,https://images-eu.ssl-images-amazon.com/images/I/514wzslwBaL._AC_SX184_.jpg,,Paperback
The Princess and the Wizard,Julia Donaldson,https://images-eu.ssl-images-amazon.com/images/I/51p5D1sLuuL._AC_SX184_.jpg,287.0,Paperback
Sugarlump and the Unicorn,"Julia Donaldson, Lydia Monks",https://images-eu.ssl-images-amazon.com/images/I/51Dk2VnoleL._AC_SX184_.jpg,245.0,Paperback
Very First Sight Words Sentences Level - 1 + Very First Sight Words Sentences Level - 2 (Set of 2 books),,https://images-eu.ssl-images-amazon.com/images/I/51kgVdPvVUL._AC_SX184_.jpg,244.0,Product Bundle
The Gita: For Children + The Vedas and Upanishads for Children (Set of 2 books),,https://images-eu.ssl-images-amazon.com/images/I/51QLyiVMIUL._AC_SX184_.jpg,529.0,Product Bundle
Harry Potter and the Chamber of Secrets (Harry Potter 2) + Harry Potter and the Prisoner of Azkaban (Harry Potter 3) (Set of 2 Books),,https://images-eu.ssl-images-amazon.com/images/I/512cws+FyqL._AC_SX184_.jpg,639.0,Product Bundle
Harry Potter and the Prisoner of Azkaban (Harry Potter 3) + Harry Potter and the Goblet of Fire (Harry Potter 4) (Set of 2 Books),,https://images-eu.ssl-images-amazon.com/images/I/51JflcaeOCL._AC_SX184_.jpg,750.0,Product Bundle
Harry Potter and the Philosopher's Stone + Harry Potter and the Chamber of Secrets (Harry Potter 2) (Set of 2 Books),,https://images-eu.ssl-images-amazon.com/images/I/510SHQ8iOpL._AC_SX184_.jpg,578.0,Product Bundle
Our Universe: Space Encyclopedia + Space: Space Encyclopedia (Set of 2 books),,https://images-eu.ssl-images-amazon.com/images/I/517HonmnqaL._AC_SX184_.jpg,247.0,Product Bundle
Bridig Kemmerer Book Pack : A Heart So Fierce and Broken+A Curse So Dark and Lonely (Set of 2 Books),,https://images-eu.ssl-images-amazon.com/images/I/51IPDjc24ML._AC_SX184_.jpg,593.0,Product Bundle
Fantastic Beasts: The Crimes Of Grindelwald – The Original Screenplay + Fantastic Beasts And Where To Find Them: The Original Screenplay (Set of 2 Books),,https://images-eu.ssl-images-amazon.com/images/I/51HnrxslfNL._AC_SX184_.jpg,798.0,Product Bundle
Very First Sight Words Sentences Level - 2 + Very First Sight Words Sentences Level - 1 + Very First Sentences Book (Set of 3 Books),,https://images-eu.ssl-images-amazon.com/images/I/61iXj73pDQL._AC_SX184_.jpg,339.0,Product Bundle
Carry On (Simon Snow 1)+Wayward Son (Set of 2 Books),,https://images-eu.ssl-images-amazon.com/images/I/51HFvtreblL._AC_SX184_.jpg,623.0,Product Bundle
Ramayana & Bhagvad Gita for Children (Set of 2 Premium Quality Books),,https://images-eu.ssl-images-amazon.com/images/I/510KNTdqulL._AC_SX184_.jpg,633.0,Product Bundle
"Ramayana, Bhagvad Gita & Mahabharata with Panchatantra Stories for Children (Set of 4 Premium Quality Books)",,https://images-eu.ssl-images-amazon.com/images/I/511MrN2tVnL._AC_SX184_.jpg,,Product Bundle
"Cutout Board Book: Saraswati(Gods,Goddesses and Saints) +Cutout Board Book: Ganesha+Cutout Board Book: Hanuman+Cutout Board Book: Krishna(Set of 4 Books)",,https://images-eu.ssl-images-amazon.com/images/I/51iKIOz9vzL._AC_SX184_.jpg,313.0,Product Bundle
Adult/Advanced Level Colouring Book Pack 1 (Set of 2 Books),,https://images-eu.ssl-images-amazon.com/images/I/51S5CFO6-wL._AC_SX184_.jpg,300.0,Product Bundle
The Blue Umbrella + The Essential Collection For Young Readers + Great Stories For Children (Set of 3 Books),,https://images-eu.ssl-images-amazon.com/images/I/51u8XvTrV2L._AC_SX184_.jpg,317.0,Product Bundle
ELLA DIARIES #4: DREAMS COME TRUE+Ella Diaries #3: I Heart Pets (Set of 2 Books),,https://images-eu.ssl-images-amazon.com/images/I/51nKBYxo-+L._AC_SX184_.jpg,378.0,Product Bundle
"Harry Potter Gryffindor Editions - Philosopher's StOne, Chamber of Secrets & PrisOner of Azkaban (Hardcover) (Set of 3 books)",,https://images-eu.ssl-images-amazon.com/images/I/41Z3pEs8QnL._AC_SX184_.jpg,,Product Bundle
The Girl Who Drank The Moon+The One And Only Ivan (Set Of 2 Books),,https://images-eu.ssl-images-amazon.com/images/I/414yOK+BAGL._AC_SX184_.jpg,588.0,Product Bundle
Ruskin Bond - The Blue Umbrella+Ruskin Bond - Stories Of Wisdom (Set Of 2 Books),,https://images-eu.ssl-images-amazon.com/images/I/41QxIWHOXcL._AC_SX184_.jpg,210.0,Product Bundle
"Breaking Dawn: Twilight, Book 4 (Twilight Saga) + Eclipse + New Moon (Set of 3 Books)",,https://images-eu.ssl-images-amazon.com/images/I/41MFG2fvT+L._AC_SX184_.jpg,,Product Bundle
