name,author,img,price,bind
101 Panchatantra Stories,Dreamland Publications,https://images-eu.ssl-images-amazon.com/images/I/51Os03z93DL._AC_SX184_.jpg,123.0,Paperback
101 Animals Stories,Dreamland Publications,https://images-eu.ssl-images-amazon.com/images/I/51jfrfWOODL._AC_SX184_.jpg,120.0,Paperback
What If?: Serious Scientific Answers to Absurd Hypothetical Questions,Randall Munroe,https://images-eu.ssl-images-amazon.com/images/I/41zxKkcE2KL._AC_SX184_.jpg,388.0,Paperback
Marvel Encyclopedia New Edition,"Stephen Wiacek, DK, Stan Lee, Adam Bray",https://images-eu.ssl-images-amazon.com/images/I/61eWhzioAQL._AC_SX184_.jpg,,Hardcover
Persepolis,Marjane Satrapi,https://images-eu.ssl-images-amazon.com/images/I/51gCJuPgRHL._AC_SX184_.jpg,451.0,Paperback
The Complete MAUS,Art Spiegelman,https://images-eu.ssl-images-amazon.com/images/I/51HNofYXgAL._AC_SX184_.jpg,695.0,Paperback
Strange Planet: The Comic Sensation of the Year,Nathan W. Pyle,https://images-eu.ssl-images-amazon.com/images/I/41d2o7FOK3L._AC_SX184_.jpg,899.0,Hardcover
Snug : A Collection of Comics about Dating Your Best Friend,Catana Chetwynd,https://images-eu.ssl-images-amazon.com/images/I/41ybdnr9geL._AC_SX184_.jpg,375.0,Hardcover
Little Moments of Love,Catana Chetwynd,https://images-eu.ssl-images-amazon.com/images/I/41ux4Hc3BbL._AC_SX184_.jpg,459.0,Hardcover
The Calvin and Hobbes: Tenth Anniversary Book: Calvin & Hobbes Series: Book Fourteen,Bill Watterson,https://images-eu.ssl-images-amazon.com/images/I/51AhWsYowQL._AC_SX184_.jpg,677.0,Paperback
The Black Island (Tintin),Herge,https://images-eu.ssl-images-amazon.com/images/I/61ZkKVMBqoL._AC_SX184_.jpg,392.0,Paperback
Tintin in Tibet,Herge,https://images-eu.ssl-images-amazon.com/images/I/51aaCa7b6AL._AC_SX184_.jpg,405.0,Paperback
Asterix The Gaul: Album 1,"René Goscinny, Albert Uderzo",https://images-eu.ssl-images-amazon.com/images/I/613fV+eeXlL._AC_SX184_.jpg,371.0,Paperback
Neil Gaiman & Chris Riddell Box Set,"Neil Gaiman, Chris Riddell",https://images-eu.ssl-images-amazon.com/images/I/51kiKejAgoL._AC_SX184_.jpg,590.0,Paperback
Red Rackham's Treasure (Tintin),Herge,https://images-eu.ssl-images-amazon.com/images/I/611Pw1ttvHL._AC_SX184_.jpg,385.0,Paperback
"Naruto (3-in-1 Edition), Vol. 1: Includes vols. 1, 2 & 3 (Volume 1)",Masashi Kishimoto,https://images-eu.ssl-images-amazon.com/images/I/61ExB5eOiBL._AC_SX184_.jpg,749.0,Paperback
The Adventures of Tintin Volume 1,Hergé,https://images-eu.ssl-images-amazon.com/images/I/51mbKxm9OmL._AC_SX184_.jpg,758.92,Hardcover
Strange Planet (Strange Planet Series),Nathan W. Pyle,https://images-eu.ssl-images-amazon.com/images/I/41s6P2iCzVL._AC_SX184_.jpg,858.0,Hardcover
Tintin in America,Herge,https://images-eu.ssl-images-amazon.com/images/I/51kiHGeYOJL._AC_SX184_.jpg,392.0,Paperback
It's A Magical World: A Calvin and Hobbes Collection,Bill Watterson,https://images-eu.ssl-images-amazon.com/images/I/51HLxxJY8bL._AC_SX184_.jpg,719.0,Paperback
Sapiens Graphic Novel: Volume 1,"Yuval Noah Harari, David Casanave, David Vanderneulen",https://images-eu.ssl-images-amazon.com/images/I/41QW5JVZyKL._AC_SX184_.jpg,926.0,Hardcover
Best Friends (Real Friends (2)),"Shannon Hale, LeUyen Pham",https://images-eu.ssl-images-amazon.com/images/I/51rnh958aWL._AC_SX184_.jpg,452.0,Paperback
Sapiens: A Graphic History: The Birth of Humankind (Vol. 1),Yuval Noah Harari,https://images-eu.ssl-images-amazon.com/images/I/51Huo8q885L._AC_SX184_.jpg,,Paperback
Go Corona Go (गो कोरोना गो),Alka Barbele,https://images-eu.ssl-images-amazon.com/images/I/51VMXLWedlL._AC_SX184_.jpg,99.0,Paperback
Tinkle Double Double Digest No .3+Tinkle Double Double Digest No .2 (Set Of 2 Books),,https://images-eu.ssl-images-amazon.com/images/I/51qET2bXqSL._AC_SX184_.jpg,464.0,Product Bundle
The Tintin Collection: The Adventure of Tintin (The Adventures of Tintin - Compact Editions),Hergé,https://images-eu.ssl-images-amazon.com/images/I/51gWR3dcJiL._AC_SX184_.jpg,,Hardcover
The Complete Calvin and Hobbes (Set of 4 Books),Watterson,https://images-eu.ssl-images-amazon.com/images/I/41ZfW8-F9tL._AC_SX184_.jpg,,Paperback
Watchmen: International Edition,"Alan Moore, Dave Gibbons",https://images-eu.ssl-images-amazon.com/images/I/51iQFDKwogL._AC_SX184_.jpg,,Paperback
How To: THE SUNDAY TIMES BESTSELLER,Randall Munroe,https://images-eu.ssl-images-amazon.com/images/I/41sraKFCugL._AC_SX184_.jpg,435.0,Paperback
Indian Nationalism: The Essential Writings,S. Irfan Habib,https://images-eu.ssl-images-amazon.com/images/I/419XKKrYqHL._AC_SX184_.jpg,304.0,Hardcover
Thing Explainer: Complicated Stuff in Simple Words,Randall Munroe,https://images-eu.ssl-images-amazon.com/images/I/517aJ9+S1CL._AC_SX184_.jpg,644.0,Paperback
Palestine,Joe Sacco,https://images-eu.ssl-images-amazon.com/images/I/61bFfyOg2TL._AC_SX184_.jpg,583.0,Paperback
Tokyo Ghoul Complete Box Set: Includes vols. 1-14 with premium,Sui Ishida,https://images-eu.ssl-images-amazon.com/images/I/51JGi9rT5GL._AC_SX184_.jpg,,Paperback
Aranyaka: Book of the Forest,"Amruta Patil, Devdutt Pattanaik",https://images-eu.ssl-images-amazon.com/images/I/51IF2eLRgRL._AC_SX184_.jpg,498.0,Paperback
Adulthood Is a Myth: A Sarah's Scribbles Collection (Volume 1),Sarah Andersen,https://images-eu.ssl-images-amazon.com/images/I/51Wo96djffL._AC_SX184_.jpg,396.12,Paperback
Marvel Encyclopedia,"Stan Lee, DK",https://images-eu.ssl-images-amazon.com/images/I/610Q+-SoYFL._AC_SX184_.jpg,,Hardcover
V for Vendetta,"Alan Moore, David Lloyd",https://images-eu.ssl-images-amazon.com/images/I/51aOaDhv0GL._AC_SX184_.jpg,959.0,Paperback
The Complete Calvin and Hobbes,Watterson,https://images-eu.ssl-images-amazon.com/images/I/41geDvvgKGL._AC_SX184_.jpg,,Hardcover
"The Animator's Survival Kit: A Manual of Methods, Principles and Formulas for Classical, Computer, Games, Stop Motion and Internet Animators",Richard Williams,https://images-eu.ssl-images-amazon.com/images/I/51oXuVrjUWL._AC_SX184_.jpg,,Paperback
Batman: Year One,"Frank Miller, David Mazzucchelli",https://images-eu.ssl-images-amazon.com/images/I/41DLqZ6LY-L._AC_SX184_.jpg,713.0,Paperback
Munnu: A Boy from Kashmir,Malik Sajad,https://images-eu.ssl-images-amazon.com/images/I/41HgUsrF-OL._AC_SX184_.jpg,447.0,Paperback
Batman: Bat Signal (RP Minis),Danielle Selber,https://images-eu.ssl-images-amazon.com/images/I/517TJJaw29L._AC_SX184_.jpg,,Misc. Supplies
Batman: Hush,"Jeph Loeb, Jim Lee",https://images-eu.ssl-images-amazon.com/images/I/51SqXWIlxPL._AC_SX184_.jpg,,Paperback
The Buddha Box Set,Osamu Tezuka,https://images-eu.ssl-images-amazon.com/images/I/518JqPUhpsL._AC_SX184_.jpg,,Paperback
Principles for Success,Ray Dalio,https://images-eu.ssl-images-amazon.com/images/I/41n5urg25+L._AC_SX184_.jpg,598.0,Hardcover
Karna Ki Atmakatha,Manu Sharma,https://images-eu.ssl-images-amazon.com/images/I/5140pcsfz9L._AC_SX184_.jpg,,Hardcover
Mrignayani,Vrindavan Lal Verma,https://images-eu.ssl-images-amazon.com/images/I/51niZeHczcL._AC_SX184_.jpg,270.0,Hardcover
Krishnayan,Kaajal OzaVaidya,https://images-eu.ssl-images-amazon.com/images/I/51Bx48r6i9L._AC_SX184_.jpg,279.0,Hardcover
Chhota Bheem Issue-11 (Dusre Grah Ka Khoya Hua Vaasi) (Hindi),Rajeev Chikla,https://images-eu.ssl-images-amazon.com/images/I/51KJ-cSpYeL._AC_SX184_.jpg,,Paperback
Shikari Shambu - To The Rescue 1st edition,Priyambada Rastogi,https://images-eu.ssl-images-amazon.com/images/I/61QwbDPftlL._AC_SX184_.jpg,,Paperback
Chhota Bheem Issue-10 (Balshali Rakshas),Rajiv Chilka,https://images-eu.ssl-images-amazon.com/images/I/51N2b4PIoIL._AC_SX184_.jpg,,Paperback
