name,author,img,price,bind
SBI PO Phase 1 Preliminary Exam Guide 2020,Arihant Experts,https://images-eu.ssl-images-amazon.com/images/I/51QAMxCxPfL._AC_SX184_.jpg,296.0,Paperback
Indian Polity - For Civil Services and Other State Examinations | 6th Edition,M. Laxmikanth,https://images-eu.ssl-images-amazon.com/images/I/51rKNmuSrsL._AC_SX184_.jpg,511.0,Paperback
Quantitative Aptitude for Competitive Examinations,R S Aggarwal,https://images-eu.ssl-images-amazon.com/images/I/51p6BRUjG5L._AC_SX184_.jpg,570.0,Paperback
WBCS (West Bengal Civil Services) 25 Practice Sets Preliminary Exam 2021,"Sumit Kumar Majumdar Dr. Manohar Pandey, Anupama Bannerjee",https://images-eu.ssl-images-amazon.com/images/I/51Z-8uP2iaL._AC_SX184_.jpg,270.0,Paperback
Comprehensive Guide to SBI Bank PO Preliminary & Main Exam with 5 Online Tests,Disha Experts,https://images-eu.ssl-images-amazon.com/images/I/51Tv5COBCOL._AC_SX184_.jpg,422.0,Paperback
IBPS PO 9 Year-wise Preliminary & Main Exams Solved Papers (2011-19),Disha Experts,https://images-eu.ssl-images-amazon.com/images/I/51vwgCyI0yL._AC_SX184_.jpg,138.0,Paperback
26 Years Chapterwise Solved Questions UPSC IAS Pre General Studies Paper I for 2021 Exam,Arihant Experts,https://images-eu.ssl-images-amazon.com/images/I/51oyX5epy6L._AC_SX184_.jpg,280.0,Paperback
Objective NCERT at your FINGERTIPS for NEET-AIIMS - Biology,MTG Editorial Board,https://images-eu.ssl-images-amazon.com/images/I/51Zj0W-zVTL._AC_SX184_.jpg,604.0,Paperback
35 Landmark Supreme Court Judgments Simplified for UPSC IAS/ IPS Prelim & Main Exams,Siddharth Arora,https://images-eu.ssl-images-amazon.com/images/I/41J+u9gtP2L._AC_SX184_.jpg,188.0,Paperback
Objective NCERT at your FINGERTIPS NEET / AIIMS Combo ( Biology + Physics + Chemistry ) Latest Revised Edition 2020,MTG,https://images-eu.ssl-images-amazon.com/images/I/41GSb3PyxuL._AC_SX184_.jpg,,Paperback
SSC CHSL (10+2) Solved Papers Combined Higher Secondary 2021,Arihant Experts,https://images-eu.ssl-images-amazon.com/images/I/51y0wj5NevL._AC_SX184_.jpg,169.0,Paperback
Success Master CTET Paper-I Class 1 to 5 2020,Arihant Experts,https://images-eu.ssl-images-amazon.com/images/I/519GghyDyiL._AC_SX184_.jpg,381.0,Paperback
The Official Cambridge Guide To Ielts Student's Book With Answers With Dvd Rom,Pauline Cullen,https://images-eu.ssl-images-amazon.com/images/I/51ndqimmizL._AC_SX184_.jpg,725.0,Paperback
Pathfinder CDS Combined Defence Services Entrance Examination 2020,Arihant Experts,https://images-eu.ssl-images-amazon.com/images/I/51ArZb6zcXL._AC_SX184_.jpg,419.0,Paperback
Kiran SSC Mathematics Chapterwise And Typewise Solved Papers 10500+ Objective Questions (English Medium) (3035),Think Tank of Kiran Institute of Career Excellence (KICX),https://images-eu.ssl-images-amazon.com/images/I/51SbZRrYq7L._AC_SX184_.jpg,593.0,Paperback
Word Power Made Easy,Norman Lewis,https://images-eu.ssl-images-amazon.com/images/I/51SxzAVvBfL._AC_SX184_.jpg,125.0,Paperback
"Guide to SSC - CHSL (10+2) DEO, LDC & Postal/ Sorting Assistant Exam with 3 Online Practice Sets 8th Edition",Disha Experts,https://images-eu.ssl-images-amazon.com/images/I/51E9lMwyUkL._AC_SX184_.jpg,532.0,Paperback
"Indian Economy for Civil Services, Universities and Other Examinations | 12th Revised Edition",Ramesh Singh,https://images-eu.ssl-images-amazon.com/images/I/511wZ5BEG7L._AC_SX184_.jpg,481.0,Paperback
A Modern Approach to Verbal & Non-Verbal Reasoning (2 Colour Edition),R.S. Aggarwal,https://images-eu.ssl-images-amazon.com/images/I/51RKG3k-UAL._AC_SX184_.jpg,597.0,Paperback
Cengage JEE Advanced Maths for 2021 - Set of 5 Books - Latest Revised Editions,G. Tewani,https://images-eu.ssl-images-amazon.com/images/I/61JUvIWnEcL._AC_SX184_.jpg,,Product Bundle
26 Years UPSC IAS/ IPS Prelims Topic-wise Solved Papers 1 & 2 (1995 - 2020) 11th Edition,Mrunal Patel,https://images-eu.ssl-images-amazon.com/images/I/51BGk7CCJFL._AC_SX184_.jpg,375.0,Paperback
SSC CHSL (10+2) Guide Combined Higher Secondary 2021,Arihant Experts,https://images-eu.ssl-images-amazon.com/images/I/51uA8okJQ3L._AC_SX184_.jpg,313.0,Paperback
LUCENT'S GENERAL KNOWLEDGE WITH GENERAL KNOWLEDGE 2021 EDITION,LUCENT ARIHANT EXPERTS,https://images-eu.ssl-images-amazon.com/images/I/41A7kNqir3L._AC_SX184_.jpg,108.0,Paperback
Kiran NCERT History Class VI to XII 6000+ Facts/ NCERT Indian Polity and Constitution Class VI to XII 3000+ Facts (2 BOOK SET)By Khan Sir Patna,KHAN SIR PATNA,https://images-eu.ssl-images-amazon.com/images/I/512PFmwnedL._AC_SX184_.jpg,167.0,Paperback
SSC CHSL (10+2) Solved Papers Combined Higher Secondary 2021,Arihant Experts,https://images-eu.ssl-images-amazon.com/images/I/51y0wj5NevL._AC_SX184_.jpg,169.0,Paperback
"71 JEE Main ONLINE & OFFLINE Physics, Chemistry & Mathematics Topic-wise Solved Papers 7th Edition",Disha Experts,https://images-eu.ssl-images-amazon.com/images/I/513Sy1at0WL._AC_SX184_.jpg,860.0,Paperback
26 Varsh UPSC IAS/ IPS Prarambhik Topic-wise Solved Papers 1 & 2 (1995 - 2020) 10th Edition,Mrunal Patel,https://images-eu.ssl-images-amazon.com/images/I/51NQA-jJOtL._AC_SX184_.jpg,321.0,Paperback
WBCS Prelim Mock Test Series 2021 for West Bengal State Civil Services Preliminary Examinations and other state examinations,"Samim Sarkar, Sutapa Kar",https://images-eu.ssl-images-amazon.com/images/I/51+M0BgIvqL._AC_SX184_.jpg,320.0,Paperback
kiran Science Numericals Physics and Chemistry 2300+ Objective Questions |NCERT Class VI to XII ( History (6000+ Facts) & Indian Polity and Constitution(3000+ Facts)) (3 BOOK SET),KHAN SIR PATNA,https://images-eu.ssl-images-amazon.com/images/I/51yYgoTTpTL._AC_SX184_.jpg,269.0,Paperback
WBCS General Studies Manual - For Preliminary and Main Examinations | 5th Edition,Nitin Singhania,https://images-eu.ssl-images-amazon.com/images/I/51H1m-lGmHL._AC_SX184_.jpg,650.0,Paperback
Indian Polity Hindi with Free General Knowledge 2021 Hindi Combo (Set of Bharat ki Rajvavastha by Laxmikanth & General Knowledge by Arihant Publication),Manohar Pandey M. Laxmikant,https://images-eu.ssl-images-amazon.com/images/I/51Jdzgjn0EL._AC_SX184_.jpg,303.45,Paperback
Prep Guide to BITSAT 2021,Arihant Experts,https://images-eu.ssl-images-amazon.com/images/I/519JO9K+2iL._AC_SX184_.jpg,592.0,Paperback
18 Years Chapterwise Solutions Mathematics JEE Main 2021,Arihant Experts,https://images-eu.ssl-images-amazon.com/images/I/51rAjJfJ5XL._AC_SX184_.jpg,165.0,Paperback
18 Years Chapterwise Solutions Chemistry JEE Main 2021,Arihant Experts,https://images-eu.ssl-images-amazon.com/images/I/51Yo7kyZM9L._AC_SX184_.jpg,155.0,Paperback
18 Years Chapterwise Solutions Physics JEE Main 2021,Arihant Experts,https://images-eu.ssl-images-amazon.com/images/I/51YBeJveZcL._AC_SX184_.jpg,183.0,Paperback
Modern Indian History - Second Edition | For Civil Services Preliminary and Main Examinations,"Sonali Bansal, Snehil Tripathi",https://images-eu.ssl-images-amazon.com/images/I/51rZWBi39sL._AC_SX184_.jpg,475.0,Paperback
16 JEE Main Online 2020 Phase I & II Solved Papers,Disha Experts,https://images-eu.ssl-images-amazon.com/images/I/51NSP7YlVgL._AC_SX184_.jpg,220.0,Paperback
42 Years Chapterwise Topicwise Solved Papers (2020-1979) IIT JEE Mathematics,Amit M Agarwal,https://images-eu.ssl-images-amazon.com/images/I/51m-Sx0kIEL._AC_SX184_.jpg,307.0,Paperback
42 Years Chapterwise Topicwise Solved Papers (2020-1979) IIT JEE Chemistry,Ranjeet Shahi,https://images-eu.ssl-images-amazon.com/images/I/51TCWxW00YL._AC_SX184_.jpg,249.0,Paperback
Certificate physical and human geography,Goh Cheng Leong,https://images-eu.ssl-images-amazon.com/images/I/51b1pdSXPKL._AC_SX184_.jpg,243.68,Paperback
