name,author,img,price,bind
The Alchemist,Paulo Coelho,https://images-eu.ssl-images-amazon.com/images/I/410llGwMZGL._AC_SX184_.jpg,193.0,Paperback
The Intelligent Investor (English) Paperback – 2013,Benjamin Graham,https://images-eu.ssl-images-amazon.com/images/I/51DLoxAJ68L._AC_SX184_.jpg,384.0,Paperback
Sapiens: A Brief History of Humankind,Yuval Noah Harari,https://images-eu.ssl-images-amazon.com/images/I/41X8OYTbLZL._AC_SX184_.jpg,377.0,Paperback
Grandma's Bag of Stories,Sudha Murty,https://images-eu.ssl-images-amazon.com/images/I/51NHKZC1a0L._AC_SX184_.jpg,238.0,Paperback
Great Stories for Children,Ruskin Bond,https://images-eu.ssl-images-amazon.com/images/I/51H2M2jWmvL._AC_SX184_.jpg,127.0,Paperback
The Blue Umbrella,Ruskin Bond,https://images-eu.ssl-images-amazon.com/images/I/51TGU8igF-L._AC_SX184_.jpg,73.0,Paperback
Think and Grow Rich,Napoleon Hill,https://images-eu.ssl-images-amazon.com/images/I/41+eK8zBwQL._AC_SX184_.jpg,172.0,Paperback
Harry Potter and the Philosopher's Stone,J.K. Rowling,https://images-eu.ssl-images-amazon.com/images/I/51ifu1aebKL._AC_SX184_.jpg,253.0,Paperback
The Power of your Subconscious Mind,Joseph Murphy,https://images-eu.ssl-images-amazon.com/images/I/51QTTApN-XL._AC_SX184_.jpg,72.0,Paperback
To Kill A Mockingbird: 50th Anniversary Edition: 60th Anniversary Edition,Harper Lee,https://images-eu.ssl-images-amazon.com/images/I/51Z9p5AecCL._AC_SX184_.jpg,309.0,Paperback
Wings of Fire: An Autobiography of Abdul Kalam,"Arun Tiwari, A. P. J. Abdul Kalam",https://images-eu.ssl-images-amazon.com/images/I/51wbVQTpTgL._AC_SX184_.jpg,232.0,Paperback
The Immortals of Meluha (Shiva Trilogy): 1,Amish,https://images-eu.ssl-images-amazon.com/images/I/51JYiWwA5mL._AC_SX184_.jpg,222.0,Paperback
"Thinking, Fast and Slow (Penguin Press Non-Fiction)",Daniel Kahneman,https://images-eu.ssl-images-amazon.com/images/I/41r2OmyhA+L._AC_SX184_.jpg,460.0,Paperback
Deep Work: Rules for Focused Success in a Distracted World,Cal Newport,https://images-eu.ssl-images-amazon.com/images/I/418Mmq-lMLL._AC_SX184_.jpg,323.0,Paperback
"Zero to One: Notes on Start Ups, or How to Build the Future","Peter Thiel, Blake Masters",https://images-eu.ssl-images-amazon.com/images/I/51JkDEpHUQL._AC_SX184_.jpg,399.0,Paperback
The White Tiger: Booker Prize Winner 2008,Aravind Adiga,https://images-eu.ssl-images-amazon.com/images/I/51q1eW5qcsL._AC_SX184_.jpg,210.0,Paperback
Eat That Frog!: 21 Great Ways to Stop Procrastinating and Get More Done in Less Time,Brian Tracy,https://images-eu.ssl-images-amazon.com/images/I/51O+Z5YqI0L._AC_SX184_.jpg,189.0,Paperback
How I Taught My Grandmother to Read: And Other Stories,Sudha Murty,https://images-eu.ssl-images-amazon.com/images/I/51dyQmRhAXL._AC_SX184_.jpg,239.0,Paperback
Man's Search For Meaning: The classic tribute to hope from the Holocaust,Viktor E Frankl,https://images-eu.ssl-images-amazon.com/images/I/41Pgvpm83yL._AC_SX184_.jpg,234.0,Paperback
"The Power of Habit: Why We Do What We Do, and How to Change",Charles Duhigg,https://images-eu.ssl-images-amazon.com/images/I/41fQW9Q-L4L._AC_SX184_.jpg,460.0,Paperback
