name,author,img,price,bind
Ikigai: The Japanese secret to a long and happy life,"Héctor García, Francesc Miralles",https://images-eu.ssl-images-amazon.com/images/I/51T8OXMiB5L._AC_SX184_.jpg,375.0,Hardcover
Life's Amazing Secrets: How to Find Balance and Purpose in Your Life,"Gaur Gopal Das, Random House Audio",https://images-eu.ssl-images-amazon.com/images/I/514sscPA15L._AC_SX184_.jpg,0.0,Audible Audiobook
Tinkle Magazine 611,Rajani Thindiath,https://images-eu.ssl-images-amazon.com/images/I/61LoHtBiU-L._AC_SX184_.jpg,42.0,Kindle Edition
Bhagavad Gita: Yatharoop (Hindi),A.C. Bhaktivendanta Swami Prabhupada,https://images-eu.ssl-images-amazon.com/images/I/51wJO6IqvnL._AC_SX184_.jpg,192.0,Hardcover
TINKLE DIGEST 1,ANANT PAI,https://images-eu.ssl-images-amazon.com/images/I/51r3nMwtx3L._AC_SX184_.jpg,55.65,Kindle Edition
Mahabharata,C. Rajagopalachari,https://images-eu.ssl-images-amazon.com/images/I/51O23r1mcVL._AC_SX184_.jpg,118.0,Kindle Edition
Introducing Buddha: A Graphic Guide (Introducing...),"Jane Hope, Borin Van Loon",https://images-eu.ssl-images-amazon.com/images/I/41RUTJAQBOL._AC_SX184_.jpg,174.91,Kindle Edition
Bhagvad gita as it is english new edition,His Divine Grace A.C. Bhaktivedanta Swami Prabhupada,https://images-eu.ssl-images-amazon.com/images/I/511Hw7p0V0L._AC_SX184_.jpg,230.0,Hardcover
Inner Engineering: A Yogi’s Guide to Joy,Sadhguru,https://images-eu.ssl-images-amazon.com/images/I/51tEI+nAhdL._AC_SX184_.jpg,250.0,Paperback
Krishna's Secret,Devdutt Pattanaik,https://images-eu.ssl-images-amazon.com/images/I/51lzN32qRkL._AC_SX184_.jpg,15.75,Kindle Edition
Autobiography of a Yogi (Complete Paperback Edition),Paramahansa Yogananda,https://images-eu.ssl-images-amazon.com/images/I/41sEB1SxefL._AC_SX184_.jpg,125.0,Paperback
Tinkle Magazine 613,Rajani Thindiath,https://images-eu.ssl-images-amazon.com/images/I/617FujMZc-L._AC_SX184_.jpg,42.0,Kindle Edition
The Monk Who Sold His Ferrari,"Robin Sharma, Sharma Leadership International, Inc.",https://images-eu.ssl-images-amazon.com/images/I/51AAweqxA1L._AC_SX184_.jpg,0.0,Audible Audiobook
The Prophet,Kahlil Gibran,https://images-eu.ssl-images-amazon.com/images/I/41LUkWmaxpL._AC_SX184_.jpg,79.0,Paperback
Bhagavad Gita Original in English - Bhagavad Gita as It is Original in English,A. C. Bhaktivedanta Swami Prabhupad,https://images-eu.ssl-images-amazon.com/images/I/518aPMbn8uL._AC_SX184_.jpg,210.0,Hardcover
Krishna Tales (Illustrated) - for children,Maple Press,https://images-eu.ssl-images-amazon.com/images/I/51W9LZa0H1L._AC_SX184_.jpg,73.0,Paperback
Meri Gita,"Devdutt Pattanaik, Ajay Raj Tomar, Audible Studios",https://images-eu.ssl-images-amazon.com/images/I/414zelk4QzL._AC_SX184_.jpg,0.0,Audible Audiobook
DEFECTIVE DETECTIVES: TINKLE TALL TALES,Rajani Thindiath,https://images-eu.ssl-images-amazon.com/images/I/61xTeABn-XL._AC_SX184_.jpg,98.7,Kindle Edition
TINKLE DOUBLE DIGEST 2,ANANT PAI,https://images-eu.ssl-images-amazon.com/images/I/51Jj+pPzcTL._AC_SX184_.jpg,94.5,Kindle Edition
Tinkle Digest 30,ANANT PAI,https://images-eu.ssl-images-amazon.com/images/I/51hN5PARE2L._AC_SX184_.jpg,55.65,Kindle Edition
Life's Amazing Secrets: How to Find Balance and Purpose in Your Life,Gaur Gopal Das,https://images-eu.ssl-images-amazon.com/images/I/41S8TQ9aNoL._AC_SX184_.jpg,239.0,Paperback
"Rumi's Little Book of Life: The Garden of the Soul, the Heart, and the Spirit","Azima Melita Kolin Rumi, Maryam Mafi",https://images-eu.ssl-images-amazon.com/images/I/51V3F1NH3eL._AC_SX184_.jpg,249.0,Paperback
Educated: The international bestselling memoir,Tara Westover,https://images-eu.ssl-images-amazon.com/images/I/51uIbg0SS8L._AC_SX184_.jpg,423.0,Paperback
Inner Engineering/इनर इंजीनियरिंग : आनंदमय जीवन के सूत्र: A Yogi's Guide to Joy,सद्गुरु,https://images-eu.ssl-images-amazon.com/images/I/51DpqqO4TiL._AC_SX184_.jpg,158.0,Paperback
The Daughter from a Wishing Tree: Unusual Tales about Women in Mythology,Sudha Murty,https://images-eu.ssl-images-amazon.com/images/I/61qcltuPB1L._AC_SX184_.jpg,225.0,Paperback
"The Book of Ichigo Ichie: The Art of Making the Most of Every Moment, the Japanese Way","Francesc Miralles, Héctor García",https://images-eu.ssl-images-amazon.com/images/I/41fdfOGjPSL._AC_SX184_.jpg,373.0,Hardcover
Something Happened on the Way to Heaven: 20 Inspiring Real-Life Stories,Sudha Murty,https://images-eu.ssl-images-amazon.com/images/I/41FiJpFrzPL._AC_SX184_.jpg,249.76,Paperback
Myth = Mithya: Decoding Hindu Mythology,Devdutt Pattanaik,https://images-eu.ssl-images-amazon.com/images/I/51HldGjNsBL._AC_SX184_.jpg,267.0,Paperback
"The Daily Stoic: 366 Meditations on Wisdom, Perseverance, and the Art of Living: Featuring new translations of Seneca, Epictetus, and Marcus Aurelius",Ryan Stephen Holiday Hanselman,https://images-eu.ssl-images-amazon.com/images/I/41q21DX9ROL._AC_SX184_.jpg,406.0,Paperback
Bhagavad Gita,Anonymous,https://images-eu.ssl-images-amazon.com/images/I/51M2ZuPmJQL._AC_SX184_.jpg,285.0,Hardcover
The Art of Happiness: A Handbook for Living,"The Dalai Lama, Howard C. Cutler, Dalai Lama, Howard Cutler",https://images-eu.ssl-images-amazon.com/images/I/51r95uN0B-L._AC_SX184_.jpg,388.0,Paperback
Azadi: Freedom. Fascism. Fiction,Arundhati Roy,https://images-eu.ssl-images-amazon.com/images/I/41u9bnxvkgL._AC_SX184_.jpg,414.0,Hardcover
Jeevan Ke Adbhut Rahasya/जीवन के अद्भुत रहस्य: जीवन में कैसे पाएँ संतुलन और उद्देश्य,गौर गोपाल दास,https://images-eu.ssl-images-amazon.com/images/I/41ERRKixKdL._AC_SX184_.jpg,143.0,Paperback
The Mindfulness Colouring Book: Anti-stress Art Therapy for Busy People,Emma Farrarons,https://images-eu.ssl-images-amazon.com/images/I/618-zf7sVWL._AC_SX184_.jpg,291.0,Paperback
The Science of Mind Management,Swami Mukundananda,https://images-eu.ssl-images-amazon.com/images/I/41n4124a9AL._AC_SX184_.jpg,280.0,Paperback
7 Secrets of Shiva,Devdutt Pattanaik,https://images-eu.ssl-images-amazon.com/images/I/51OhW3oXfvL._AC_SX184_.jpg,280.0,Paperback
Jaya: An Illustrated Retelling of the Mahabharata,Devdutt Pattanaik,https://images-eu.ssl-images-amazon.com/images/I/51Y+i7g-2ML._AC_SX184_.jpg,439.0,Hardcover
Meditations (Penguin Classics),"Marcus Aurelius, Diskin Clay, Martin Hammond",https://images-eu.ssl-images-amazon.com/images/I/41Vx78Qm4-L._AC_SX184_.jpg,260.0,Paperback
"No Mud, No Lotus: The Art of Transforming Suffering",Thich Nhat Hanh,https://images-eu.ssl-images-amazon.com/images/I/31-zkKLCsPL._AC_SX184_.jpg,273.0,Paperback
Ramayana for Children,Pegasus,https://images-eu.ssl-images-amazon.com/images/I/51Ye8zHbelL._AC_SX184_.jpg,330.0,Hardcover
The Homecoming and Other Stories,Sri M,https://images-eu.ssl-images-amazon.com/images/I/41BIoUI1+aL._AC_SX184_.jpg,227.0,Paperback
Loshu-Grid (लोशू-ग्रिड : अंकों का खजाना),Pandit Gopal Sharma & Prachaya Sewaram Jaipuria,https://images-eu.ssl-images-amazon.com/images/I/51sedT10s-L._AC_SX184_.jpg,333.0,Paperback
Voices of Dissent: An Essay,ROMILA THAPAR,https://images-eu.ssl-images-amazon.com/images/I/41NDZwX+YwL._AC_SX184_.jpg,388.0,Hardcover
Food and Faith: A Pilgrim's Journey through India,Shoba Narayan,https://images-eu.ssl-images-amazon.com/images/I/41A9AnKLEvL._AC_SX184_.jpg,310.0,Paperback
The Himalayan Master and the Sixth Sense: I Dared to Travel the Spiritual Path,Priyabhishek Sharma,https://images-eu.ssl-images-amazon.com/images/I/41zbGzrdcqL._AC_SX184_.jpg,499.0,Paperback
Invaders and Infidels (Book 1): From Sindh to Delhi: The 500-Year Journey of Islamic Invasions,Sandeep Balakrishna,https://images-eu.ssl-images-amazon.com/images/I/51J8JcALCCL._AC_SX184_.jpg,610.0,Hardcover
Venkatesa Suprabhatam: The Story of India’s Most Popular Prayer,Venkatesh Parthasarathy,https://images-eu.ssl-images-amazon.com/images/I/41F0qLNKJ1L._AC_SX184_.jpg,341.0,Paperback
Being Love: Creating Beautiful Relationships + Happiness Unlimited : Awakening With The Brahma Kumaris (Set Of 2 Books),,https://images-eu.ssl-images-amazon.com/images/I/41tyP9GQUlL._AC_SX184_.jpg,514.0,Product Bundle
Management Devotional 2021,Christian Manager,https://images-eu.ssl-images-amazon.com/images/I/41iV4i2lUGL._AC_SX184_.jpg,250.0,Paperback
The Cowherd Prince: The Prequel to Govinda,Krishna Udayasankar,https://images-eu.ssl-images-amazon.com/images/I/41pys46xpNL._AC_SX184_.jpg,351.0,Paperback
Troy: Our Greatest Story Retold (Stephen Fry’s Greek Myths),Stephen Fry,https://images-eu.ssl-images-amazon.com/images/I/51G4roCGGML._AC_SX184_.jpg,599.3,Paperback
Dasavatara,Piyusha Vir,https://images-eu.ssl-images-amazon.com/images/I/51+rzdTFFvL._AC_SX184_.jpg,200.0,Paperback
Becoming Supernatural: How Common People Are Doing the Uncommon,"Dr. Joe Dispenza, Adam Boyce, Author's Republic",https://images-eu.ssl-images-amazon.com/images/I/61RSfP3n5qL._AC_SX184_.jpg,0.0,Audible Audiobook
जीवन...एक उत्सव : 6 पद स्वयं की चेतना की सम्पूर्ण खिलावट की ओर... /Jeevan…Ek Utsav: 6 Pad Swayan Ki Chetna Ki Sampoorn Khilawat Ki Oar...: 6 Pad Swayam Ki Chetna Ki Sampoorna Khilawat Ki Oar...,ऋषि नित्यप्रज्ञा,https://images-eu.ssl-images-amazon.com/images/I/41xGOlPJswL._AC_SX184_.jpg,263.0,Paperback
THE BHAGAVAD GITA FOR MILLENNIALS,Bibek Debroy,https://images-eu.ssl-images-amazon.com/images/I/61kJoMdlfAL._AC_SX184_.jpg,444.0,Hardcover
Karm Siddhant ( कर्म सिद्धान्त ),Brahmarshi Pitamaha Patriji,https://images-eu.ssl-images-amazon.com/images/I/41f3ZajMVXL._AC_SX184_.jpg,250.0,Paperback
"Adopt Patience: Building Trust and Gaining Trust (Ramayana: The Game of Life, Book 3)","Shubha Vilas, Neel Chaudhuri, Audible Studios",https://images-eu.ssl-images-amazon.com/images/I/51Mk8NzDHCL._AC_SX184_.jpg,0.0,Audible Audiobook
"Not Many, But One Volume I: Sree Narayana Guru’s Philosophy of Universal Oneness",G.K. Sasidharan,https://images-eu.ssl-images-amazon.com/images/I/41Ay5pmXbNL._AC_SX184_.jpg,649.0,Hardcover
"Not Many, But One Volume II: Sree Narayana Guru’s Philosophy of Universal Oneness",G.K. Sasidharan,https://images-eu.ssl-images-amazon.com/images/I/41TCVWmfeZL._AC_SX184_.jpg,829.0,Hardcover
FINDING MEANING IN LIFE WITH THE BHAGAVAD GITA,"Neema Majmudar, Nandini Mirani, Saloni Jhaveri",https://images-eu.ssl-images-amazon.com/images/I/41j0X-N+gmL._AC_SX184_.jpg,350.0,Hardcover
Why I Am a Hindu,Dr. Shashi Tharoor,https://images-eu.ssl-images-amazon.com/images/I/51oeb-OqsJL._AC_SX184_.jpg,646.0,Hardcover
The Mahabharata box set,Bibek Debroy,https://images-eu.ssl-images-amazon.com/images/I/41UKN7xkMTL._AC_SX184_.jpg,,Paperback
"The Courtesan, the Mahatma and the Italian Brahmin: Tales from Indian History",Manu S. Pillai,https://images-eu.ssl-images-amazon.com/images/I/614qOab+4ML._AC_SX184_.jpg,436.0,Hardcover
End of Days: Predictions and Prophecies About the End of the World,"Sylvia Browne, Lindsay Harrison",https://images-eu.ssl-images-amazon.com/images/I/51v97B5rhHL._AC_SX184_.jpg,951.0,Paperback
The Code of the Extraordinary Mind: 10 Unconventional Laws to Redefine Your Life and Succeed On Your Own Terms,Vishen Lakhiani,https://images-eu.ssl-images-amazon.com/images/I/419vP8J9kkL._AC_SX184_.jpg,449.1,Paperback
The God Delusion: 10th Anniversary Edition,Richard Dawkins,https://images-eu.ssl-images-amazon.com/images/I/51vSaHWE3fL._AC_SX184_.jpg,425.0,Paperback
The Things You Can See Only When You Slow Down,Haemin Sunim,https://images-eu.ssl-images-amazon.com/images/I/51hb7s69wrL._AC_SX184_.jpg,349.89,Paperback
Steal Like An Artist: 10 Things Nobody Told You About Being Creative,Austin Kleon,https://images-eu.ssl-images-amazon.com/images/I/51fIZsUhrpL._AC_SX184_.jpg,,Paperback
"Mahabharata: Special Issue - Vol. 1, 2 & 3 (Amar Chitra Katha)",Anant Pai,https://images-eu.ssl-images-amazon.com/images/I/519zzC7iioL._AC_SX184_.jpg,,Hardcover
The Ancient Science of Mantras: Wisdom of the Sages,Om Swami,https://images-eu.ssl-images-amazon.com/images/I/61tf+8vIy3L._AC_SX184_.jpg,312.0,Paperback
Pyjamas are Forgiving,Twinkle Khanna,https://images-eu.ssl-images-amazon.com/images/I/51aUv1kbw+L._AC_SX184_.jpg,179.0,Paperback
Land of the Seven Rivers: A Brief History of India's Geography,Sanjeev Sanyal,https://images-eu.ssl-images-amazon.com/images/I/41YLxU6WzCL._AC_SX184_.jpg,351.0,Paperback
A Million Thoughts: Learn All About Meditation from The Himalayan Mystic,Om Swami,https://images-eu.ssl-images-amazon.com/images/I/51HYNNRCoUL._AC_SX184_.jpg,309.0,Paperback
The Headspace Guide to... Mindfulness & Meditation,Andy Puddicombe,https://images-eu.ssl-images-amazon.com/images/I/51N4D+DUq7L._AC_SX184_.jpg,317.0,Paperback
Everyday Ayurveda : Daily Habits That Can Change Your Life,Dr Bhaswati Bhattacharya,https://images-eu.ssl-images-amazon.com/images/I/51d825XX3GL._AC_SX184_.jpg,263.0,Paperback
Principal Upanisads,Prof. S. Radhakrishnan,https://images-eu.ssl-images-amazon.com/images/I/51vIbgJx4pL._AC_SX184_.jpg,710.0,Paperback
The Five Love Languages,Gary Chapman,https://images-eu.ssl-images-amazon.com/images/I/51Ajmm5Wf1L._AC_SX184_.jpg,239.84,Paperback
The Valmiki Ramayana Set of 3 Vols,Debroy Bibek,https://images-eu.ssl-images-amazon.com/images/I/41KajtvPZZL._AC_SX184_.jpg,,Paperback
Caste Matters,"Suraj Yengde, Cornel West",https://images-eu.ssl-images-amazon.com/images/I/41QJG2PRpOL._AC_SX184_.jpg,443.0,Hardcover
"Kaizen: The Japanese Method for Transforming Habits, One Small Step at a Time",Sarah Harvey,https://images-eu.ssl-images-amazon.com/images/I/41yNU2ej3zL._AC_SX184_.jpg,420.0,Hardcover
The PCOD - Thyroid Book - Compiled From Women and the Weight Loss Tamasha,Rujuta Diwekar,https://images-eu.ssl-images-amazon.com/images/I/41wGoWP-FNL._AC_SX184_.jpg,266.0,Paperback
Adiyogi: The Source of Yoga,Sadhguru,https://images-eu.ssl-images-amazon.com/images/I/51P3BqJ5fFL._AC_SX184_.jpg,218.0,Paperback
ASTRO MUSINGS,S. NALLAKUTTALAM,https://images-eu.ssl-images-amazon.com/images/I/51oPujJk5kL._AC_SX184_.jpg,190.0,Paperback
The Holy Bible,King James Version,https://images-eu.ssl-images-amazon.com/images/I/41QFy0hEY2L._AC_SX184_.jpg,285.0,Paperback
Thakur Prasad Panchang 2021,Dr. Divya Tripathi,https://images-eu.ssl-images-amazon.com/images/I/61WPpPazQML._AC_SX184_.jpg,31.0,Paperback
Kratu: A Novel,Samarpan,https://images-eu.ssl-images-amazon.com/images/I/41kcL93ZwyL._AC_SX184_.jpg,328.0,Paperback
The Origin of Species,Charles Darwin,https://images-eu.ssl-images-amazon.com/images/I/51C4XTY2xbL._AC_SX184_.jpg,150.0,Paperback
"Geeta Press Diary 2021 (dainandini) (2077-78) by Achleshwar;Hard Bound Edition(Deleux,Leather Cover)",Geeta Press,https://images-eu.ssl-images-amazon.com/images/I/41GLvX63UyL._AC_SX184_.jpg,299.0,Bonded Leather
Sunderkand (Hindi),Goswami Tulsidas,https://images-eu.ssl-images-amazon.com/images/I/41yJtsoIr+L._AC_SX184_.jpg,99.0,Paperback
Autobiography of A Yogi (HINDI),Paramahansa Yogananda,https://images-eu.ssl-images-amazon.com/images/I/41MID+Wr0TL._AC_SX184_.jpg,110.0,Paperback
