name,author,img,price,bind
One Arranged Murder,Chetan Bhagat,https://images-eu.ssl-images-amazon.com/images/I/51D5WCAoebL._AC_SX184_.jpg,132.0,Paperback
Life is What You Make It,Preeti Shenoy,https://images-eu.ssl-images-amazon.com/images/I/41ekOc6O1ML._AC_SX184_.jpg,120.0,Paperback
The Girl in Room 105,Chetan Bhagat,https://images-eu.ssl-images-amazon.com/images/I/417NSfZZIWL._AC_SX184_.jpg,158.0,Paperback
"Love, Hope and Magic",Ashish Bagrecha,https://images-eu.ssl-images-amazon.com/images/I/41s7JOQfEfL._AC_SX184_.jpg,194.0,Paperback
You are the Best Wife: A True Love Story,Ajay K Pandey,https://images-eu.ssl-images-amazon.com/images/I/41niH-BNuvL._AC_SX184_.jpg,98.0,Paperback
"Wake Up, Life is Calling",Preeti Shenoy,https://images-eu.ssl-images-amazon.com/images/I/51zrawUOuXL._AC_SX184_.jpg,109.0,Paperback
God of Small Things: Booker Prize Winner 1997- English,Arundhati Roy,https://images-eu.ssl-images-amazon.com/images/I/41jFJcgRRtL._AC_SX184_.jpg,396.0,Paperback
Stories We Never Tell,Savi Sharma,https://images-eu.ssl-images-amazon.com/images/I/41quwiKy+xL._AC_SX184_.jpg,158.0,Paperback
Everything I Never Told You,Ajay K Pandey,https://images-eu.ssl-images-amazon.com/images/I/41KxSKpUZrL._AC_SX184_.jpg,101.0,Paperback
Normal People,Sally Rooney,https://images-eu.ssl-images-amazon.com/images/I/41JTFGezzKL._AC_SX184_.jpg,394.0,Paperback
A Girl to Remember,Ajay K Pandey,https://images-eu.ssl-images-amazon.com/images/I/51Q5NANjFtL._AC_SX184_.jpg,156.0,Paperback
Love a Little Stronger,Preeti Shenoy,https://images-eu.ssl-images-amazon.com/images/I/51LFoFBwLwL._AC_SX184_.jpg,99.0,Paperback
"1Q84: Books 1, 2 & 3: The Complete Trilogy",Haruki Murakami,https://images-eu.ssl-images-amazon.com/images/I/519r4TImKdL._AC_SX184_.jpg,520.0,Paperback
"Here, There and Everywhere: Best-Loved Stories of Sudha Murty",Murty Sudha,https://images-eu.ssl-images-amazon.com/images/I/41RJtIvftWL._AC_SX184_.jpg,239.0,Paperback
Her Last Wish,Ajay K. Pandey,https://images-eu.ssl-images-amazon.com/images/I/51zjnzGjY3L._AC_SX184_.jpg,140.0,Paperback
The Girl Next Door (Order now & get author signed copy),Arpit Vageria,https://images-eu.ssl-images-amazon.com/images/I/51wnYZiXLcL._AC_SX184_.jpg,109.45,Paperback
The Return : The new novel for 2020 from the author of The Notebook: The heart-wrenching new novel from the bestselling author of The Notebook,Nicholas Sparks,https://images-eu.ssl-images-amazon.com/images/I/41X5-JQ2eKL._AC_SX184_.jpg,320.0,Paperback
It Ends With Us: A Novel,Colleen Hoover,https://images-eu.ssl-images-amazon.com/images/I/51hzREF2dJL._AC_SX184_.jpg,318.0,Paperback
The Night Circus (Vintage Magic),Erin Morgenstern,https://images-eu.ssl-images-amazon.com/images/I/51X9NbLcGdL._AC_SX184_.jpg,250.01,Paperback
Dark Matter: The Most Mind-Blowing And Twisted Thriller Of The Year,Blake Crouch,https://images-eu.ssl-images-amazon.com/images/I/61pxmY0HlbL._AC_SX184_.jpg,365.0,Paperback
Wish I Could Tell You,Durjoy Datta,https://images-eu.ssl-images-amazon.com/images/I/61XG5TJgxbL._AC_SX184_.jpg,197.0,Paperback
The Perfect Us,Durjoy Datta,https://images-eu.ssl-images-amazon.com/images/I/411+CycDRGL._AC_SX184_.jpg,150.0,Paperback
Something I Never Told You (City Plans),Shravya Bhinder,https://images-eu.ssl-images-amazon.com/images/I/51Xjv4IzydL._AC_SX184_.jpg,239.0,Paperback
Everyone Has A Story,Savi Sharma,https://images-eu.ssl-images-amazon.com/images/I/51oEl54Vm9L._AC_SX184_.jpg,189.0,Paperback
Six of Crows: Collector's Edition: Book 1,Leigh Bardugo,https://images-eu.ssl-images-amazon.com/images/I/51fnkxCLu8L._AC_SX184_.jpg,799.0,Hardcover
This Is Not Your Story,Savi Sharma,https://images-eu.ssl-images-amazon.com/images/I/517YbiGNlML._AC_SX184_.jpg,202.0,Paperback
Everyone Has a Story 2,Savi Sharma,https://images-eu.ssl-images-amazon.com/images/I/51Utta0SFLL._AC_SX184_.jpg,158.0,Paperback
Pachinko: The New York Times Bestseller,Min Jin Lee,https://images-eu.ssl-images-amazon.com/images/I/51206AN9JuL._AC_SX184_.jpg,,Paperback
Will You Still Love Me?,Ravinder Singh,https://images-eu.ssl-images-amazon.com/images/I/519jixVbxgL._AC_SX184_.jpg,197.0,Paperback
Men Without Women: Stories,"Haruki Murakami, Philip Gabriel, Ted Goossen",https://images-eu.ssl-images-amazon.com/images/I/41rZBrmWp5L._AC_SX184_.jpg,419.0,Paperback
The Rosie Project (The Rosie Project Series),Graeme Simsion,https://images-eu.ssl-images-amazon.com/images/I/41QGRY4ZM2L._AC_SX184_.jpg,361.0,Paperback
The Greatest Short Stories of Leo Tolstoy,Leo Tolstoy,https://images-eu.ssl-images-amazon.com/images/I/41q9uoOfbkL._AC_SX184_.jpg,148.0,Paperback
I Too Had a Love Story,Ravinder Singh,https://images-eu.ssl-images-amazon.com/images/I/410Bm8Qf+nL._AC_SX184_.jpg,197.0,Paperback
11 Hours,Daniel Paul Singh,https://images-eu.ssl-images-amazon.com/images/I/511zvi8cShL._AC_SX184_.jpg,178.0,Paperback
Love in the Time of Cholera,Gabriel Garcia Marquez,https://images-eu.ssl-images-amazon.com/images/I/51hR1SC1-gL._AC_SX184_.jpg,330.0,Paperback
An Unexpected Gift,Ajay K. Pandey,https://images-eu.ssl-images-amazon.com/images/I/41Vd6NGntVL._AC_SX184_.jpg,158.0,Paperback
Be My Perfect Ending,Arpit Vageria,https://images-eu.ssl-images-amazon.com/images/I/51Zn3YDYW2L._AC_SX184_.jpg,105.0,Paperback
The Mysterious Affair at Styles,AGATHA CHISTIE,https://images-eu.ssl-images-amazon.com/images/I/514h8TLijvL._AC_SX184_.jpg,,Paperback
Inferno: (Robert Langdon Book 4),Dan Brown,https://images-eu.ssl-images-amazon.com/images/I/512T9Qro-jL._AC_SX184_.jpg,291.0,Paperback
You are the Best Friend,Ajay K. Pandey,https://images-eu.ssl-images-amazon.com/images/I/51yApait9XL._AC_SX184_.jpg,189.0,Paperback
Love Story,Erich Segal,https://images-eu.ssl-images-amazon.com/images/I/41caMP-4uTL._AC_SX184_.jpg,158.0,Paperback
The Remains of the Day: Booker Prize Winner 1989,Kazuo Ishiguro,https://images-eu.ssl-images-amazon.com/images/I/51ojP8wzuOL._AC_SX184_.jpg,452.0,Paperback
The Time Traveler's Wife (Vintage Magic),Audrey Niffenegger,https://images-eu.ssl-images-amazon.com/images/I/51rE-Aa8miL._AC_SX184_.jpg,295.0,Paperback
Possession: A Romance: Booker Prize Winner 1990,A S Byatt,https://images-eu.ssl-images-amazon.com/images/I/41sCLFDCURL._AC_SX184_.jpg,351.0,Paperback
Rebecca,Daphne Du Maurier,https://images-eu.ssl-images-amazon.com/images/I/51QyktNLWNL._AC_SX184_.jpg,,Mass Market Paperback
Sense and Sensibility (Collins Classics),Jane Austen,https://images-eu.ssl-images-amazon.com/images/I/41BXcd5IyDL._AC_SX184_.jpg,199.0,Paperback
P.S. I Love You,Cecelia Ahern,https://images-eu.ssl-images-amazon.com/images/I/51glzbT6iCL._AC_SX184_.jpg,278.0,Paperback
Jane Eyre (Collins Classics),Charlotte Brontë,https://images-eu.ssl-images-amazon.com/images/I/410lp4gtTJL._AC_SX184_.jpg,68.4,Kindle Edition
Fangirl,Rainbow Rowell,https://images-eu.ssl-images-amazon.com/images/I/41KEd9PQApL._AC_SX184_.jpg,280.0,Paperback
"Twilight: Twilight, Book 1 (Twilight Saga)",Stephenie Meyer,https://images-eu.ssl-images-amazon.com/images/I/41+mG-652WL._AC_SX184_.jpg,281.0,Paperback
Let it Snow,John Green,https://images-eu.ssl-images-amazon.com/images/I/51YjuI1emnL._AC_SX184_.jpg,345.16,Paperback
"Will Grayson, Will Grayson",John Green,https://images-eu.ssl-images-amazon.com/images/I/51kQcXfIaaL._AC_SX184_.jpg,249.0,Paperback
An Abundance of Katherines,John Green,https://images-eu.ssl-images-amazon.com/images/I/41gI6pO4trL._AC_SX184_.jpg,315.0,Paperback
"Breaking Dawn: Twilight, Book 4 (Twilight Saga)",Stephenie Meyer,https://images-eu.ssl-images-amazon.com/images/I/41yhGCC91jL._AC_SX184_.jpg,388.0,Paperback
Eclipse,Stephenie Meyer,https://images-eu.ssl-images-amazon.com/images/I/41Ul6yI0WxL._AC_SX184_.jpg,374.0,Paperback
Infernal Devices: Clockwork Prince - Book 2 (The Infernal Devices),Cassandra Clare,https://images-eu.ssl-images-amazon.com/images/I/51tijAP3c6L._AC_SX184_.jpg,310.0,Paperback
City of Bones: City of Bones - Book 1 (The Mortal Instruments),Cassandra Clare,https://images-eu.ssl-images-amazon.com/images/I/51dsc5ZWQ0L._AC_SX184_.jpg,331.0,Paperback
New Moon,Stephenie Meyer,https://images-eu.ssl-images-amazon.com/images/I/41JYUI26xwL._AC_SX184_.jpg,388.0,Paperback
Infernal Devices: Clockwork Princess - Book 3 (The Infernal Devices),Cassandra Clare,https://images-eu.ssl-images-amazon.com/images/I/51kA7FICzzL._AC_SX184_.jpg,300.0,Paperback
Fallen: Book 1 of the Fallen Series,Lauren Kate,https://images-eu.ssl-images-amazon.com/images/I/516dvOtPChL._AC_SX184_.jpg,329.0,Paperback
Torment: Book 2 of the Fallen Series,Lauren Kate,https://images-eu.ssl-images-amazon.com/images/I/51vcxcBLfpL._AC_SX184_.jpg,320.0,Paperback
Passion: Book 3 of the Fallen Series,Lauren Kate,https://images-eu.ssl-images-amazon.com/images/I/51zq0c8AnnL._AC_SX184_.jpg,339.0,Paperback
The Fury & The Reunion (The Vampire Diaries),L.J. Smith,https://images-eu.ssl-images-amazon.com/images/I/41MDa+JXYUL._AC_SX184_.jpg,312.0,Paperback
Insurgent: 2 (Divergent),Veronica Roth,https://images-eu.ssl-images-amazon.com/images/I/41O+I2TASUL._AC_SX184_.jpg,219.0,Paperback
Between Shades of Gray,Ruta Sepetys,https://images-eu.ssl-images-amazon.com/images/I/41KYq-1lkDL._AC_SX184_.jpg,,Paperback
Prodigy (Legend),Marie Lu,https://images-eu.ssl-images-amazon.com/images/I/51oFj1PMM-L._AC_SX184_.jpg,302.28,Paperback
The Short Second Life Of Bree Tanner: An Eclipse Novella (Twilight Saga),Stephenie Meyer,https://images-eu.ssl-images-amazon.com/images/I/4100oOt0gEL._AC_SX184_.jpg,270.0,Hardcover
Nightfall: Book 5 (The Vampire Diaries),L.J. Smith,https://images-eu.ssl-images-amazon.com/images/I/51C+JJOakXL._AC_SX184_.jpg,195.0,Paperback
