name,author,img,price,bind
A Promised Land,Barack Obama,https://images-eu.ssl-images-amazon.com/images/I/41nzI1lhIVL._AC_SX184_.jpg,,Hardcover
The Theory of Everything,Stephen Hawking,https://images-eu.ssl-images-amazon.com/images/I/51oHUvYzbsL._AC_SX184_.jpg,122.0,Paperback
The Intelligent Investor (English) Paperback – 2013,Benjamin Graham,https://images-eu.ssl-images-amazon.com/images/I/51DLoxAJ68L._AC_SX184_.jpg,384.0,Paperback
General Knowledge 2021,Manohar Pandey,https://images-eu.ssl-images-amazon.com/images/I/41oYf2TQzeL._AC_SX184_.jpg,30.0,Paperback
Quantitative Aptitude for Competitive Examinations,R S Aggarwal,https://images-eu.ssl-images-amazon.com/images/I/51p6BRUjG5L._AC_SX184_.jpg,570.0,Paperback
Shoe Dog: A Memoir by the Creator of NIKE,Phil Knight,https://images-eu.ssl-images-amazon.com/images/I/41JxTleg+gL._AC_SX184_.jpg,145.0,Paperback
Word Power Made Easy,Norman Lewis,https://images-eu.ssl-images-amazon.com/images/I/51SxzAVvBfL._AC_SX184_.jpg,125.0,Paperback
General Knowledge,"Dr. Binay Karna, R. P. Suman, Manvendra Mukul, Renu Sinha, Sanjeev Kumar",https://images-eu.ssl-images-amazon.com/images/I/41kd7Y23TZL._AC_SX184_.jpg,165.0,Paperback
"Thinking, Fast and Slow (Penguin Press Non-Fiction)",Daniel Kahneman,https://images-eu.ssl-images-amazon.com/images/I/41r2OmyhA+L._AC_SX184_.jpg,460.0,Paperback
Oxford Student Atlas for India - Third Edition,Oxford University Press,https://images-eu.ssl-images-amazon.com/images/I/51oHPLUXZJL._AC_SX184_.jpg,259.0,Paperback
Wings of Fire: An Autobiography of Abdul Kalam,"Arun Tiwari, A. P. J. Abdul Kalam",https://images-eu.ssl-images-amazon.com/images/I/51wbVQTpTgL._AC_SX184_.jpg,232.0,Paperback
"Children's Encyclopedia - Scientists, Inventions And Discoveries: The World of Knowledge",MANASVI VOHRA,https://images-eu.ssl-images-amazon.com/images/I/51EedYbVezL._AC_SX184_.jpg,127.0,Paperback
Bhagavad Gita: Yatharoop (Hindi),A.C. Bhaktivendanta Swami Prabhupada,https://images-eu.ssl-images-amazon.com/images/I/51wJO6IqvnL._AC_SX184_.jpg,192.0,Hardcover
Homo Deus: A Brief History of Tomorrow,Yuval Noah Harari,https://images-eu.ssl-images-amazon.com/images/I/41x9l0H2UGL._AC_SX184_.jpg,419.0,Paperback
How to Crack Test Of Reasoning- REVISED EDITION,"Jaikishan, Premkishan",https://images-eu.ssl-images-amazon.com/images/I/51vP8DhgySL._AC_SX184_.jpg,169.0,Paperback
Encyclopedia: Space (Space Encyclopedia),Om Books Editorial Team,https://images-eu.ssl-images-amazon.com/images/I/5192Zrn1QOL._AC_SX184_.jpg,105.0,Paperback
Deep Work: Rules for Focused Success in a Distracted World,Cal Newport,https://images-eu.ssl-images-amazon.com/images/I/418Mmq-lMLL._AC_SX184_.jpg,323.0,Paperback
Man's Search For Meaning: The classic tribute to hope from the Holocaust,Viktor E Frankl,https://images-eu.ssl-images-amazon.com/images/I/51el0H1ZJFL._AC_SX184_.jpg,325.0,Paperback
21 Lessons for the 21st Century,Yuval Noah Harari,https://images-eu.ssl-images-amazon.com/images/I/41SxL78DpvL._AC_SX184_.jpg,510.0,Paperback
Oswaal CBSE Question Bank Class 12 Physics Chapterwise & Topicwise Solved Papers (Reduced Syllabus) (For 2021 Exam),Oswaal Editorial Board,https://images-eu.ssl-images-amazon.com/images/I/51JoAsO9JtL._AC_SX184_.jpg,387.0,Paperback
Educart Combo of Maths (Standard) + Science + Social Science + English Sample Question Papers Books Of Class 10 for 2021 (as per latest CBSE changes),Educart,https://images-eu.ssl-images-amazon.com/images/I/51zi+oNdywL._AC_SX184_.jpg,767.97,Paperback
Dharma: Decoding the Epics for a Meaningful Life,"Amish, Bhavna Roy",https://images-eu.ssl-images-amazon.com/images/I/51e+ieln0GL._AC_SX184_.jpg,399.0,Hardcover
The Ultimate Goal: A Former R&AW Chief Deconstructs How Nations Construct Narratives,Vikram Sood,https://images-eu.ssl-images-amazon.com/images/I/41fFUfOdT1L._AC_SX184_.jpg,435.0,Hardcover
Oswaal CBSE Sample Question Paper Class 10 Science Book (Reduced Syllabus for 2021 Exam),Oswaal Editorial Board,https://images-eu.ssl-images-amazon.com/images/I/513s+h4DgML._AC_SX184_.jpg,170.0,Paperback
CBSE New Pattern 15 Sample Paper Science Class 10 for 2021 Exam with reduced Syllabus,"Dr. Alka Pandey Manish Dangwal, Vandana Kardam",https://images-eu.ssl-images-amazon.com/images/I/51ixN+70CZL._AC_SX184_.jpg,180.0,Paperback
CBSE New Pattern 15 Sample Paper Chemistry Class 12 for 2021 Exam with reduced Syllabus,Shahna Ansari,https://images-eu.ssl-images-amazon.com/images/I/51AP8jweVGL._AC_SX184_.jpg,156.0,Paperback
CBSE New Pattern 15 Sample Paper English Core Class 12 for 2021 Exam with reduced Syllabus,Srishti Agarwal,https://images-eu.ssl-images-amazon.com/images/I/51gjOotVESL._AC_SX184_.jpg,158.0,Paperback
CBSE New Pattern 15 Sample Paper Physics Class 12 for 2021 Exam with reduced Syllabus,Mansi Garg,https://images-eu.ssl-images-amazon.com/images/I/51VTnMKzrKL._AC_SX184_.jpg,160.0,Paperback
CBSE New Pattern 15 Sample Paper Mathematics Class 10 (Standard) for 2021 Exam with reduced Syllabus,Vicky Sain Amit Rastogi,https://images-eu.ssl-images-amazon.com/images/I/51igDM52XwL._AC_SX184_.jpg,161.0,Paperback
Oswaal CBSE Sample Question Paper Class 10 Mathematics Standard Book (Reduced Syllabus for 2021 Exam),Oswaal Editorial Board,https://images-eu.ssl-images-amazon.com/images/I/51egbsNAWEL._AC_SX184_.jpg,171.0,Paperback
CBSE New Pattern 15 Sample Paper Social Science Class 10 for 2021 Exam with reduced Syllabus,Farah Sultan Madhumita Pattrea,https://images-eu.ssl-images-amazon.com/images/I/51+uM25KWxL._AC_SX184_.jpg,128.0,Paperback
CBSE New Pattern 15 Sample Paper Mathematics Class 12 for 2021 Exam with reduced Syllabus,Brijesh Dwivedi Laxman Prasad,https://images-eu.ssl-images-amazon.com/images/I/41H2u2gV9aL._AC_SX184_.jpg,158.0,Paperback
Oswaal CBSE Sample Question Paper Class 10 Social Science Book (Reduced Syllabus for 2021 Exam),Oswaal Editorial Board,https://images-eu.ssl-images-amazon.com/images/I/51LkFlsOtSL._AC_SX184_.jpg,180.0,Paperback
Oswaal CBSE Sample Question Paper Class 10 English Language & Literature Book (Reduced Syllabus for 2021 Exam),Oswaal Editorial Board,https://images-eu.ssl-images-amazon.com/images/I/51NSeHAxY3L._AC_SX184_.jpg,170.0,Paperback
CBSE New Pattern 15 Sample Paper English Language & Literature Class 10 for 2021 Exam with reduced Syllabus,Srishti Agarwal Nandini Sharma,https://images-eu.ssl-images-amazon.com/images/I/51Z26PRq0IL._AC_SX184_.jpg,144.0,Paperback
Educart CBSE Class 10 Maths 'Standard' Sample Question Papers 2021 (As Per 9th Oct CBSE Sample Paper),Educart,https://images-eu.ssl-images-amazon.com/images/I/514V0Ded7sL._AC_SX184_.jpg,214.0,Paperback
Oswaal CBSE Sample Question Paper Class 12 Physics Book (Reduced Syllabus for 2021 Exam),Oswaal Editorial Board,https://images-eu.ssl-images-amazon.com/images/I/41ABTmqMu+L._AC_SX184_.jpg,260.0,Paperback
Physics Galaxy 2021 : JEE Main Physics - 19 Years' Chapter-Wise Solutions (2002-2020) (Sept paper updated),Ashish Arora,https://images-eu.ssl-images-amazon.com/images/I/41aY+PnffPL._AC_SX184_.jpg,546.0,Paperback
Oswaal CBSE Sample Question Paper Class 12 Mathematics Book (Reduced Syllabus for 2021 Exam),Oswaal Editorial Board,https://images-eu.ssl-images-amazon.com/images/I/41PcMMqScPL._AC_SX184_.jpg,212.0,Paperback
"Oswaal CBSE Question Bank Class 12 (Set of 3 Books) Physics, Chemistry, Mathematics (Reduced Syllabus for 2021 Exam)",,https://images-eu.ssl-images-amazon.com/images/I/5147rCOOR1L._AC_SX184_.jpg,,Product Bundle
"Zero to One: Notes on Start Ups, or How to Build the Future","Peter Thiel, Blake Masters",https://images-eu.ssl-images-amazon.com/images/I/51JkDEpHUQL._AC_SX184_.jpg,399.0,Paperback
"The Anarchy: The East India Company, Corporate Violence, and the Pillage of an Empire",William Dalrymple,https://images-eu.ssl-images-amazon.com/images/I/51p6gYEJmTL._AC_SX184_.jpg,478.0,Hardcover
Start With Why: How Great Leaders Inspire Everyone To Take Action,Simon Sinek,https://images-eu.ssl-images-amazon.com/images/I/41oKiltofGL._AC_SX184_.jpg,423.0,Paperback
"The 4-Hour Work Week: Escape the 9-5, Live Anywhere and Join the New Rich",Timothy Ferriss,https://images-eu.ssl-images-amazon.com/images/I/51u1MBMfhmL._AC_SX184_.jpg,521.0,Paperback
Good Economics for Hard Times : Better Answers to Our Biggest Problems,Esther Duflo Abhijit Banerjee,https://images-eu.ssl-images-amazon.com/images/I/51bpv+lJVTL._AC_SX184_.jpg,396.0,Hardcover
Elon Musk: How the Billionaire CEO of SpaceX and Tesla is Shaping our Future,Ashlee Vance,https://images-eu.ssl-images-amazon.com/images/I/51I-QgidWHL._AC_SX184_.jpg,595.47,Paperback
Brief Answers to the Big Questions: the final book from Stephen Hawking,Stephen Hawking,https://images-eu.ssl-images-amazon.com/images/I/41JU-lDfebL._AC_SX184_.jpg,478.0,Paperback
A Brief History Of Time: From Big Bang To Black Holes,Stephen Hawking,https://images-eu.ssl-images-amazon.com/images/I/51SWYYvk+KL._AC_SX184_.jpg,341.0,Paperback
Nationalism,Rabindranath Tagore,https://images-eu.ssl-images-amazon.com/images/I/51d8DpiLjwL._AC_SX184_.jpg,79.0,Paperback
An Era of Darkness: The British Empire in India,Shashi Tharoor,https://images-eu.ssl-images-amazon.com/images/I/51NTJV+CmHL._AC_SX184_.jpg,646.0,Hardcover
Principles: Life and Work,Ray Dalio,https://images-eu.ssl-images-amazon.com/images/I/41Mq7Ss7lPL._AC_SX184_.jpg,600.0,Hardcover
India After Gandhi: The History of the World's Largest Democracy,Ramachandra Guha,https://images-eu.ssl-images-amazon.com/images/I/41VISZQIFUL._AC_SX184_.jpg,450.0,Paperback
How to Avoid Loss and Earn Consistently in the Stock Market: An Easy-To-Understand and Practical Guide for Every Investor,Prasenjit Paul,https://images-eu.ssl-images-amazon.com/images/I/51B50rWGTkL._AC_SX184_.jpg,399.0,Paperback
Hooked: How to Build Habit-Forming Products,Nir Eyal,https://images-eu.ssl-images-amazon.com/images/I/51DlnjccG-L._AC_SX184_.jpg,451.0,Hardcover
The Design of Everyday Things: Revised and Expanded Edition,Don Norman,https://images-eu.ssl-images-amazon.com/images/I/410RTQezHYL._AC_SX184_.jpg,219.0,Paperback
The Lean Startup: How Constant Innovation Creates Radically Successful Businesses,Eric Ries,https://images-eu.ssl-images-amazon.com/images/I/51Zymoq7UnL._AC_SX184_.jpg,521.0,Paperback
What Doctors Don't Get to Study in Medical School,B.M. Hegde,https://images-eu.ssl-images-amazon.com/images/I/41K6L6nA0eL._AC_SX184_.jpg,344.0,Board book
One Up On Wall Street: How to Use What You Already Know to Make Money in the Market,Lynch,https://images-eu.ssl-images-amazon.com/images/I/51RWLY76LAL._AC_SX184_.jpg,407.0,Paperback
The Hard Thing about Hard Thing: Building a Business When There are No Easy Answers,Ben Horowitz,https://images-eu.ssl-images-amazon.com/images/I/51NCFyHpkxL._AC_SX184_.jpg,494.0,Hardcover
The Ride of a Lifetime: Lessons in Creative Leadership from 15 Years as CEO of the Walt Disney Company,Robert Iger,https://images-eu.ssl-images-amazon.com/images/I/41jW7GSxvQL._AC_SX184_.jpg,521.0,Paperback
Atomic Habits: An Easy and Proven Way to Build Good Habits and Break Bad Ones,"James Clear, Penguin Audio",https://images-eu.ssl-images-amazon.com/images/I/41wuB-s8vRL._AC_SX184_.jpg,0.0,Audible Audiobook
"The Psychology of Money: Timeless Lessons on Wealth, Greed, and Happiness","Morgan Housel, Chris Hill, Harriman House",https://images-eu.ssl-images-amazon.com/images/I/51jRBz6Ug3L._AC_SX184_.jpg,0.0,Audible Audiobook
IB-ACIO: Grade-II/Executive (Tier-I) Recruitment Exam Guide: Grade-II/Executive (Tier-I) Exam Guide,RPH Editorial Board,https://images-eu.ssl-images-amazon.com/images/I/51vbpSQANsL._AC_SX184_.jpg,346.0,Paperback
General Knowledge 2021,Manohar Pandey,https://images-eu.ssl-images-amazon.com/images/I/41awo9JPciL._AC_SX184_.jpg,126.0,Paperback
"Thinking, Fast and Slow","Daniel Kahneman, Patrick Egan, Penguin Books Ltd",https://images-eu.ssl-images-amazon.com/images/I/419m9DhkQ2L._AC_SX184_.jpg,0.0,Audible Audiobook
