name,author,img,price,bind
One Arranged Murder,Chetan Bhagat,https://images-eu.ssl-images-amazon.com/images/I/51D5WCAoebL._AC_SX184_.jpg,132.0,Paperback
The Silent Patient: The Richard and Judy bookclub pick and Sunday Times Bestseller,Alex Michaelides,https://images-eu.ssl-images-amazon.com/images/I/51Id2bAxt9L._AC_SX184_.jpg,280.0,Paperback
The Complete Novels of Sherlock Holmes,Arthur Conan Doyle,https://images-eu.ssl-images-amazon.com/images/I/51cPZA+wi8L._AC_SX184_.jpg,140.0,Paperback
The Girl in Room 105,Chetan Bhagat,https://images-eu.ssl-images-amazon.com/images/I/417NSfZZIWL._AC_SX184_.jpg,158.0,Paperback
Greatest Works of Jane Austen (Set of 5 Books),Jane Austen,https://images-eu.ssl-images-amazon.com/images/I/51RnWv-5gZL._AC_SX184_.jpg,475.0,Paperback
"Anxious People: A funny, comforting and wise new novel from the bestselling author of A Man Called Ove – the perfect escapist treat!: The No. 1 New ... from the author of A Man Called Ove",Fredrik Backman,https://images-eu.ssl-images-amazon.com/images/I/41UtUWj+iYL._AC_SX184_.jpg,560.0,Hardcover
Where the Crawdads Sing,Delia Owens,https://images-eu.ssl-images-amazon.com/images/I/518ljr0qusL._AC_SX184_.jpg,392.0,Paperback
The Woman in the Window,A. J. Finn,https://images-eu.ssl-images-amazon.com/images/I/51cINGMmrbL._AC_SX184_.jpg,269.0,Paperback
The Best of Sherlock Holmes (Set of 2 Books),Sir Arthur Conan Doyle,https://images-eu.ssl-images-amazon.com/images/I/41LS+soxz5L._AC_SX184_.jpg,285.0,Paperback
Gone Girl,Gillian Flynn,https://images-eu.ssl-images-amazon.com/images/I/41aEQgTFPoL._AC_SX184_.jpg,280.0,Paperback
Murder on the Orient Express (Poirot),Agatha Christie,https://images-eu.ssl-images-amazon.com/images/I/51UA4cTPAhL._AC_SX184_.jpg,212.0,Paperback
If Tomorrow Comes,Sidney Sheldon,https://images-eu.ssl-images-amazon.com/images/I/41bBQ4oeTbL._AC_SX184_.jpg,250.0,Paperback
The Complete Sherlock Holmes (Set of 2 Books) - Collection of 4 Novels and 56 Short Stories,Sir Arthur Conan Doyle,https://images-eu.ssl-images-amazon.com/images/I/41QtZSpDN+L._AC_SX184_.jpg,399.0,Paperback
The Best of Dale Carnegie (Set of 5 Books),Dale Carnegie,https://images-eu.ssl-images-amazon.com/images/I/51CN1NRZvfL._AC_SX184_.jpg,325.0,Paperback
Angels and Demons: (Robert Langdon Book 1),Dan Brown,https://images-eu.ssl-images-amazon.com/images/I/510uIcLWISL._AC_SX184_.jpg,351.0,Paperback
Shantaram,Gregory David Roberts,https://images-eu.ssl-images-amazon.com/images/I/31EHrpt64gL._AC_SX184_.jpg,451.0,Paperback
The Murder of Roger Ackroyd (Poirot),Agatha Christie,https://images-eu.ssl-images-amazon.com/images/I/51LFRpfCfOL._AC_SX184_.jpg,194.0,Paperback
The Da Vinci Code: (Robert Langdon Book 2),Dan Brown,https://images-eu.ssl-images-amazon.com/images/I/41yT41SG23L._AC_SX184_.jpg,336.0,Paperback
The Vault of Vishnu,Ashwin Sanghi,https://images-eu.ssl-images-amazon.com/images/I/51BtlJLvmbL._AC_SX184_.jpg,313.0,Paperback
The Girl on the Train,Paula Hawkins,https://images-eu.ssl-images-amazon.com/images/I/41CJed3nsbL._AC_SX184_.jpg,295.0,Paperback
Ghanshyam shastri,Saras Azad,https://images-eu.ssl-images-amazon.com/images/I/51tvSS4y7vL._AC_SX184_.jpg,200.0,Paperback
Hidden in Plain Sight (William Warwick Series# 2),Jeffrey Archer,https://images-eu.ssl-images-amazon.com/images/I/512+dA1m+EL._AC_SX184_.jpg,337.0,Paperback
The Thursday Murder Club: The Record-Breaking Sunday Times Number One Bestseller,Richard Osman,https://images-eu.ssl-images-amazon.com/images/I/51aWE5xzW0L._AC_SX184_.jpg,503.0,Paperback
Dark Horse: Ek Ankahi Dastan (Hindi Edition),"Nilotpal Mrinal, Audible Studios",https://images-eu.ssl-images-amazon.com/images/I/41B5nLeA6cL._AC_SX184_.jpg,0.0,Audible Audiobook
The Queen's Gambit: Now a Major Netflix Drama,Walter Tevis,https://images-eu.ssl-images-amazon.com/images/I/51GMfsHDUKL._AC_SX184_.jpg,499.0,Paperback
A Time for Mercy: John Grisham's latest scintillating bestselling courtroom drama,John Grisham,https://images-eu.ssl-images-amazon.com/images/I/51QPbeMY0eL._AC_SX184_.jpg,552.0,Paperback
Melodrama in the Multiverse,Gokul Nair,https://images-eu.ssl-images-amazon.com/images/I/51d3GbN97SL._AC_SX184_.jpg,249.0,Paperback
The Homecoming and Other Stories,Sri M,https://images-eu.ssl-images-amazon.com/images/I/41BIoUI1+aL._AC_SX184_.jpg,227.0,Paperback
The Kitty Party Murder,Kiran Manral,https://images-eu.ssl-images-amazon.com/images/I/51oOOwvZWkL._AC_SX184_.jpg,275.0,Paperback
Faceless: The Mystery of the Carved Arrow,Ashwin Karthik,https://images-eu.ssl-images-amazon.com/images/I/512sGPyGuKL._AC_SX184_.jpg,159.0,Paperback
Murder On The Orient Express (Film Tie-In Edition) (Poirot) + And Then There Were None (Set Of 2 Books),,https://images-eu.ssl-images-amazon.com/images/I/41Tu4OIOn8L._AC_SX184_.jpg,353.0,Product Bundle
The Sentinel: (Jack Reacher 25),"Lee Child, Andrew Child",https://images-eu.ssl-images-amazon.com/images/I/51BFBPsfUwL._AC_SX184_.jpg,580.0,Paperback
"The Husband's Secret: From the bestselling author of Big Little Lies, now an award winning TV series",Liane Moriarty,https://images-eu.ssl-images-amazon.com/images/I/41sOv5UTjbL._AC_SX184_.jpg,361.0,Paperback
A Song of Ice and Fire - A Game of Thrones: The Complete Boxset of 7 Books,George R R Martin,https://images-eu.ssl-images-amazon.com/images/I/51+AA8AmMXL._AC_SX184_.jpg,,Paperback
Your Prime Minister is Dead,Anuj Dhar,https://images-eu.ssl-images-amazon.com/images/I/41kIFK2jExL._AC_SX184_.jpg,277.0,Paperback
Who painted my money white: When greed drives everything else and everything has a price (Money Trilogy Book 1) (English),Sree Iyer,https://images-eu.ssl-images-amazon.com/images/I/51CdweuocaL._AC_SX184_.jpg,349.0,Paperback
Little Black Classics Box Set (Penguin Little Black Classics),Various,https://images-eu.ssl-images-amazon.com/images/I/41rWOt-U48L._AC_SX184_.jpg,,Paperback
The Shining,Stephen King,https://images-eu.ssl-images-amazon.com/images/I/51OfyciTeVL._AC_SX184_.jpg,349.0,Paperback
Six of Crows: Collector's Edition: Book 1,Leigh Bardugo,https://images-eu.ssl-images-amazon.com/images/I/51fnkxCLu8L._AC_SX184_.jpg,799.0,Hardcover
The Complete Sherlock Holmes (Vol I and II - Set of 2 Books) - Complete Collection of 4 Novels and 56 Short Stories,Sir Arthur Conan Doyle,https://images-eu.ssl-images-amazon.com/images/I/518uDV5MzvL._AC_SX184_.jpg,487.0,Paperback
Harappa Trilogy,Vineet Bajpai,https://images-eu.ssl-images-amazon.com/images/I/51pGs3PeDuL._AC_SX184_.jpg,575.0,Paperback
Origin: (Robert Langdon Book 5),Dan Brown,https://images-eu.ssl-images-amazon.com/images/I/51kDnfT-OvL._AC_SX184_.jpg,223.0,Paperback
Calling Sehmat,Harinder Sikka,https://images-eu.ssl-images-amazon.com/images/I/51TaMsFNt3L._AC_SX184_.jpg,263.0,Paperback
Dark Matter: The Most Mind-Blowing And Twisted Thriller Of The Year,Blake Crouch,https://images-eu.ssl-images-amazon.com/images/I/61pxmY0HlbL._AC_SX184_.jpg,365.0,Paperback
Nothing Ventured: The Sunday Times #1 Bestseller (William Warwick Novels),Jeffrey Archer,https://images-eu.ssl-images-amazon.com/images/I/51YIYdHgXeL._AC_SX184_.jpg,317.0,Paperback
The Lost Symbol: (Robert Langdon Book 3),Dan Brown,https://images-eu.ssl-images-amazon.com/images/I/51Zutc5AWcL._AC_SX184_.jpg,336.0,Paperback
Keepers of the Kalachakra,Ashwin Sanghi,https://images-eu.ssl-images-amazon.com/images/I/51Ornjd13UL._AC_SX184_.jpg,313.0,Paperback
The Mysterious Affair at Styles,AGATHA CHISTIE,https://images-eu.ssl-images-amazon.com/images/I/514h8TLijvL._AC_SX184_.jpg,,Paperback
Inferno: (Robert Langdon Book 4),Dan Brown,https://images-eu.ssl-images-amazon.com/images/I/512T9Qro-jL._AC_SX184_.jpg,291.0,Paperback
Kaalkoot,S. Venkatesh,https://images-eu.ssl-images-amazon.com/images/I/517YJsTpHyL._AC_SX184_.jpg,253.0,Paperback
It,Stephen King,https://images-eu.ssl-images-amazon.com/images/I/51Z-TNaQV+L._AC_SX184_.jpg,280.0,Paperback
The Goal - Special Edition,Eliyahu M Goldratt,https://images-eu.ssl-images-amazon.com/images/I/41fDOcsL-tL._AC_SX184_.jpg,,Paperback
Before I Go to Sleep,S J Watson,https://images-eu.ssl-images-amazon.com/images/I/51AX7bENbUL._AC_SX184_.jpg,371.67,Paperback
Sherlock Holmes: The Definitive Collection,"Arthur Conan Doyle, Stephen Fry - introductions, Stephen Fry, Audible Studios",https://images-eu.ssl-images-amazon.com/images/I/51Sdo-tcpnL._AC_SX184_.jpg,0.0,Audible Audiobook
The Tales of Beedle the Bard,"J.K. Rowling, Warwick Davis, Noma Dumezweni, Jason Isaacs, Jude Law, Evanna Lynch, Sally Mortemore, Bonnie Wright, Pottermore Publishing",https://images-eu.ssl-images-amazon.com/images/I/51pTvYWQTSL._AC_SX184_.jpg,0.0,Audible Audiobook
It Ends With Us: A Novel,Colleen Hoover,https://images-eu.ssl-images-amazon.com/images/I/51hzREF2dJL._AC_SX184_.jpg,318.0,Paperback
"Ponniyin Selvan - Part 1 [The Son of Ponni, Part 1]","Kalki, Bombay Kannan, Pustaka Digital Media Pvt. Ltd.",https://images-eu.ssl-images-amazon.com/images/I/51Olo+WpaWL._AC_SX184_.jpg,0.0,Audible Audiobook
How to Win Friends and Influence People (Hindi)/ Dost Banane Aur Prabhaav Jamane Ki Kala,Dale Carnegie,https://images-eu.ssl-images-amazon.com/images/I/41YTf+wjIpL._AC_SX184_.jpg,99.0,Paperback
Anxious People,"Fredrik Backman, Marin Ireland, Penguin Audio",https://images-eu.ssl-images-amazon.com/images/I/41UIVXSeA3L._AC_SX184_.jpg,0.0,Audible Audiobook
The White Tiger,"Aravind Adiga, Bindya Solanki, Oakhill Publishing Ltd",https://images-eu.ssl-images-amazon.com/images/I/61ImCxiFi7L._AC_SX184_.jpg,0.0,Audible Audiobook
Case No. 56,Chandrashekar Nagawaram,https://images-eu.ssl-images-amazon.com/images/I/411xSLc6fBL._AC_SX184_.jpg,143.0,Paperback
We Were Liars,E. Lockhart,https://images-eu.ssl-images-amazon.com/images/I/415ptkQo7LL._AC_SX184_.jpg,310.0,Paperback
The Devotion Of Suspect X,Keigo Higashino,https://images-eu.ssl-images-amazon.com/images/I/51JBj367QwL._AC_SX184_.jpg,280.0,Paperback
Autobiography of a Yogi,"Paramahansa Yogananda, Ben Kingsley, Self-Realization Fellowship",https://images-eu.ssl-images-amazon.com/images/I/51KCXk5FK0L._AC_SX184_.jpg,0.0,Audible Audiobook
Kane and Abel (Kane and Abel series),Jeffrey Archer,https://images-eu.ssl-images-amazon.com/images/I/51Io01xRjsL._AC_SX184_.jpg,354.0,Paperback
The Girl on the Train,"Paula Hawkins, Louise Brealey, India Fisher, Clare Corbett, Penguin Audio",https://images-eu.ssl-images-amazon.com/images/I/51aRr7PajtL._AC_SX184_.jpg,0.0,Audible Audiobook
